Name,Group,SeqPlatform,Filtering_n291,NumReads,ReadsMapped,PctOnTarget,GenesMapped,GenesWithContigs,GenesWithSeqs,GenesAt25pct,GenesAt50pct,GenesAt75pct,GenesAt150pct,ParalogWarningsLong,ParalogWarningsDepth,GenesWithoutStitchedContigs,GenesWithStitchedContigs,GenesWithStitchedContigsSkipped,GenesWithChimeraWarning
Both_CX_TaibM,outgroup,MiSeq,No,688656,188241,27.3,351,316,300,299,297,288,193,27,31,174,126,0,0
Trig_CX_Road,outgroup,HiSeq,No,2764498,735509,26.6,350,329,321,322,320,318,285,25,45,184,138,0,0
albo_SO_Duns1,ingroup,HiSeq,No,713040,52196,7.3,341,247,236,234,220,190,92,15,18,184,52,0,0
albo_SO_Duns2,ingroup,HiSeq,Yes,3211230,1076994,33.5,351,337,329,329,328,324,295,76,140,179,150,0,0
albo_SO_Duns3,ingroup,HiSeq,Yes,2263308,813424,35.9,349,335,330,330,329,326,284,68,128,171,159,0,0
anan_CI_Azim,ingroup,HiSeq,Yes,1258568,446775,35.5,349,328,318,317,314,309,257,67,101,182,136,0,0
anan_CI_Hone1,ingroup,HiSeq,Yes,1896282,708157,37.3,351,331,321,321,318,315,266,72,106,161,160,0,0
anan_CI_Hone2,ingroup,HiSeq,Yes,1903582,695880,36.6,349,333,328,328,327,324,282,77,128,168,160,0,0
anan_CI_Menh,ingroup,HiSeq,Yes,2418614,906885,37.5,352,336,329,329,327,326,301,84,147,175,154,0,0
anan_NG_Hiku,ingroup,HiSeq,Yes,2512216,860468,34.3,350,333,328,328,327,324,297,94,141,187,141,0,0
anan_NS_Maun,ingroup,HiSeq,Yes,3614340,1272249,35.2,351,341,332,332,331,326,295,90,141,177,155,0,0
anan_NV_Kawe,ingroup,HiSeq,Yes,3738356,1206815,32.3,352,337,331,331,330,327,300,87,143,177,154,0,0
anan_NV_Maki,ingroup,HiSeq,Yes,2859012,1063878,37.2,352,337,329,329,328,321,284,74,131,159,170,0,0
anan_NV_Volc,ingroup,HiSeq,Yes,2198380,851339,38.7,352,338,327,327,326,323,272,68,121,159,168,0,0
anan_SC_Awak,ingroup,HiSeq,Yes,1484610,338587,22.8,344,319,313,313,310,303,268,71,112,183,130,0,0
anan_SC_BPAhM,ingroup,MiSeq,No,573978,203892,35.5,348,304,295,295,294,287,230,52,80,189,106,0,0
anan_SC_Pott,ingroup,HiSeq,Yes,2485898,947346,38.1,351,335,326,326,324,321,279,78,134,170,157,0,0
anan_SM_Tapu,ingroup,HiSeq,Yes,1702274,716813,42.1,351,335,328,328,325,319,266,61,108,161,167,0,0
anan_SM_Tenn,ingroup,HiSeq,Yes,2172790,816025,37.6,352,335,325,325,322,317,267,67,119,161,165,0,0
anan_SN_Peel,ingroup,HiSeq,Yes,2031446,705138,34.7,351,334,329,329,326,321,269,73,121,160,169,0,0
anan_SO_CoroM,ingroup,MiSeq,No,600082,254914,42.5,352,322,309,309,307,298,222,46,75,178,131,0,0
anan_SO_Macr,ingroup,HiSeq,Yes,2355728,998662,42.4,352,342,332,331,329,328,291,77,132,152,180,0,0
anan_SO_Rock,ingroup,HiSeq,Yes,2769452,1009754,36.5,352,340,334,334,333,330,296,80,137,179,156,0,0
anan_SS_Blac,ingroup,HiSeq,Yes,2627460,773228,29.4,349,332,328,326,325,322,301,88,140,197,131,0,0
anan_SS_Coal,ingroup,HiSeq,Yes,2580522,775946,30.1,347,331,328,328,326,323,300,81,137,193,135,0,0
angu_SN_Arth1M,ingroup,MiSeq,No,459062,168631,36.7,346,291,288,287,285,275,204,37,64,186,102,0,0
angu_SN_Arth2,ingroup,HiSeq,Yes,2980782,1099231,36.9,351,340,328,327,323,320,274,71,119,155,173,0,0
angu_SN_Bell,ingroup,HiSeq,Yes,2093164,714357,34.1,351,335,324,324,321,316,272,69,109,169,155,0,0
angu_SN_Bens,ingroup,HiSeq,Yes,2253770,672577,29.8,350,330,324,324,322,319,275,72,119,177,147,0,0
antr_NS_Waka,ingroup,HiSeq,Yes,1904146,683426,35.9,352,332,323,323,321,315,268,62,111,166,157,0,0
antr_NT_Araw,ingroup,HiSeq,Yes,1874746,597983,31.9,351,331,322,322,320,316,275,76,119,165,157,0,0
antr_NT_Mani,ingroup,HiSeq,Yes,2251534,958465,42.6,351,339,329,329,328,323,261,65,115,144,185,0,0
antr_NT_Opun,ingroup,HiSeq,Yes,2143288,875635,40.9,352,339,330,330,328,323,266,72,116,156,174,0,0
antr_SN_Arth1,ingroup,HiSeq,Yes,1994154,772078,38.7,351,341,327,326,325,322,273,75,120,169,158,0,0
antr_SN_Arth2,ingroup,HiSeq,Yes,2536796,715269,28.2,347,329,322,322,320,313,288,77,131,189,134,0,0
antr_SN_HoarM,ingroup,MiSeq,No,585488,243966,41.7,351,318,309,309,306,295,219,47,73,163,146,0,0
antr_SN_Patu,ingroup,HiSeq,Yes,1482868,586021,39.5,349,332,325,325,322,316,251,59,104,161,164,0,0
antr_SN_Sand,ingroup,HiSeq,Yes,2651998,1047588,39.5,352,339,332,332,330,325,275,78,130,159,173,0,0
antr_SO_Chas,ingroup,HiSeq,Yes,1966112,567279,28.9,352,331,321,320,318,313,263,68,116,162,159,0,0
antr_SS_Fals,ingroup,HiSeq,Yes,2493280,861982,34.6,351,335,326,326,323,318,269,69,126,154,172,0,0
antr_SS_Tiwa,ingroup,HiSeq,Yes,2961590,1065140,36,351,337,330,330,330,326,290,81,132,177,153,0,0
arno_SM_Benm1,ingroup,HiSeq,Yes,1824296,620499,34,351,334,323,323,322,315,261,59,106,177,146,0,0
arno_SM_Benm2,ingroup,HiSeq,Yes,1553782,555889,35.8,348,331,322,322,320,313,265,61,106,173,149,0,0
arno_SN_Hoar1,ingroup,HiSeq,Yes,3116470,1044676,33.5,351,337,325,325,323,318,279,74,125,164,162,0,0
arno_SN_Hoar2,ingroup,HiSeq,Yes,2216926,753009,34,352,334,322,322,318,317,280,74,125,173,149,0,0
arve_SO_RanfM,outgroup,MiSeq,No,330762,120794,36.5,347,284,279,279,276,267,203,68,100,189,90,0,0
auau_AN_Barr,ingroup,HiSeq,Yes,2318292,745924,32.2,352,334,325,325,322,319,278,77,123,173,153,0,0
auau_AT_Anne,ingroup,HiSeq,Yes,1806462,612120,33.9,350,332,322,321,320,315,272,72,113,166,156,0,0
auau_AT_Skul,ingroup,HiSeq,Yes,2075878,767758,37,351,336,326,326,324,319,264,62,103,152,174,0,0
auau_AW_Gard,ingroup,HiSeq,Yes,2612488,856992,32.8,351,337,328,328,328,323,284,81,128,190,138,0,0
auau_AW_Rott,ingroup,HiSeq,Yes,1845488,580256,31.4,349,329,318,318,317,312,278,75,124,177,141,0,0
auau_NV_Kawe,ingroup,HiSeq,Yes,2204422,778371,35.3,351,336,327,325,325,318,273,78,123,172,155,0,0
auau_SC_BPAh,ingroup,HiSeq,Yes,2263700,710843,31.4,351,334,326,325,324,321,290,83,128,185,141,0,0
auau_SC_BPCa,ingroup,HiSeq,Yes,2658752,796156,29.9,351,333,325,325,325,321,297,85,137,183,142,0,0
auau_SC_BPEv,ingroup,HiSeq,Yes,2281182,767471,33.6,351,336,328,328,327,322,289,84,130,191,137,0,0
auau_SC_BPMa,ingroup,HiSeq,Yes,1755518,572911,32.6,348,332,325,325,325,318,292,81,132,188,137,0,0
auau_SC_BPMi,ingroup,HiSeq,Yes,2310172,564102,24.4,350,331,322,322,318,313,262,62,104,174,148,0,0
auau_SC_BPMo,ingroup,HiSeq,Yes,2339572,600994,25.7,350,326,318,318,317,312,268,73,117,183,135,0,0
auau_SC_BPTo1,ingroup,HiSeq,Yes,2940882,940206,32,348,334,328,328,327,322,297,88,147,180,149,0,0
auau_SC_BPTo2,ingroup,HiSeq,Yes,2034990,616472,30.3,352,330,317,317,316,314,275,74,118,175,142,0,0
auau_SC_Torl,ingroup,HiSeq,Yes,1384846,483286,34.9,349,329,322,321,321,314,280,66,119,174,148,0,0
auau_SM_Tenn,ingroup,HiSeq,Yes,2773910,902916,32.6,352,340,324,324,322,317,278,67,124,168,156,0,0
auau_SN_Cobb,ingroup,HiSeq,No,792886,257389,32.5,349,312,301,299,294,287,210,44,68,168,133,0,0
auau_SN_Hoar,ingroup,HiSeq,No,646076,258170,40,346,314,301,301,297,286,196,40,61,148,153,0,0
auau_SN_Larr,ingroup,HiSeq,Yes,2790622,879561,31.5,352,336,323,323,323,320,286,79,134,179,145,0,0
auau_SN_Tril,ingroup,HiSeq,Yes,3222486,1251933,38.8,352,341,329,329,328,325,272,66,130,161,169,0,0
auau_SO_Ida,ingroup,HiSeq,Yes,3629044,1186851,32.7,352,335,327,327,326,323,304,79,134,170,157,0,0
brbr_SN_Cobb,ingroup,HiSeq,Yes,6846778,3300569,48.2,351,334,321,321,319,315,276,77,120,170,151,0,0
brbr_SN_Gorg,ingroup,HiSeq,Yes,2050950,616657,30.1,349,332,321,321,319,315,260,69,114,179,142,0,0
brbr_SN_Grow1M,ingroup,MiSeq,No,564620,213462,37.8,351,307,301,301,298,286,201,43,63,180,121,0,0
brbr_SN_Grow2M,ingroup,MiSeq,No,494906,221143,44.7,351,320,310,307,302,287,190,31,45,173,137,0,0
brbr_SN_Sphi,ingroup,HiSeq,Yes,2670972,958441,35.9,352,342,324,323,320,316,261,63,102,142,182,0,0
brdy_SN_BerlM,ingroup,MiSeq,Yes,1440742,601944,41.8,351,332,324,324,323,320,266,70,113,177,147,0,0
brdy_SN_Four1,ingroup,HiSeq,Yes,1932642,810804,42,352,340,326,325,320,319,243,49,94,145,181,0,0
brdy_SN_Four2,ingroup,HiSeq,Yes,3481596,1078027,31,352,333,326,326,323,318,291,75,140,180,146,0,0
brdy_SN_Hapu,ingroup,HiSeq,Yes,1102514,337058,30.6,350,318,308,307,307,299,257,58,97,178,130,0,0
brdy_SN_Mang,ingroup,HiSeq,Yes,1146132,356417,31.1,349,323,309,309,307,303,244,58,92,171,138,0,0
brdy_SN_Otuh,ingroup,HiSeq,Yes,1098600,378574,34.5,349,329,319,318,316,308,245,46,90,164,155,0,0
brev_NS_Ikaa,ingroup,HiSeq,Yes,2994658,1209118,40.4,352,341,331,331,330,325,280,71,123,164,168,0,0
brev_NS_Ngaw,ingroup,HiSeq,Yes,2122136,744274,35.1,351,333,325,325,324,319,292,78,137,184,141,0,0
brev_NS_Ohau,ingroup,HiSeq,Yes,1890934,629522,33.3,349,333,322,322,319,315,257,57,109,175,147,0,0
brev_NT_Puke,ingroup,HiSeq,Yes,1207458,347000,28.7,349,317,312,311,308,301,254,67,103,191,121,0,0
brev_NT_Sten,ingroup,HiSeq,Yes,1473026,349929,23.8,350,331,321,321,318,311,259,67,107,170,151,0,0
brev_SO_Bann,ingroup,HiSeq,No,1781388,389680,21.9,352,325,306,306,302,299,229,47,78,155,151,0,0
brev_SO_Bend1,ingroup,HiSeq,Yes,2181298,856916,39.3,351,339,329,329,328,323,280,77,130,167,162,0,0
brev_SO_Bend2,ingroup,HiSeq,Yes,2722306,988231,36.3,351,340,331,331,330,326,280,84,135,158,173,0,0
brev_SO_Chap,ingroup,HiSeq,Yes,2065328,880042,42.6,351,338,329,329,327,323,256,58,105,150,179,0,0
bryo_SC_Kaka,ingroup,HiSeq,Yes,1839038,614790,33.4,351,333,323,323,322,318,272,64,120,170,153,0,0
bryo_SO_Garv1,ingroup,HiSeq,Yes,2994122,1075168,35.9,352,337,331,330,329,326,293,80,137,180,151,0,0
bryo_SO_Garv2,ingroup,HiSeq,Yes,2250044,740004,32.9,351,333,329,329,327,325,297,85,142,188,141,0,0
bryo_SO_Lamm,ingroup,HiSeq,Yes,1854996,637082,34.3,353,335,325,325,324,319,258,61,100,157,168,0,0
bryo_SO_OldM1,ingroup,HiSeq,Yes,3486234,1042273,29.9,352,340,326,325,323,316,270,70,129,173,154,0,0
bryo_SO_OldM2,ingroup,HiSeq,Yes,2299774,765648,33.3,351,333,319,317,315,312,274,68,119,154,165,0,0
bryo_SO_Rema,ingroup,HiSeq,Yes,2232422,790672,35.4,351,336,327,327,325,322,286,80,135,177,150,0,0
capi_AA_Dick1,ingroup,HiSeq,Yes,2180084,690299,31.7,351,334,318,318,317,313,259,61,110,158,161,0,0
capi_AA_Dick2,ingroup,HiSeq,Yes,2125390,715948,33.7,351,334,326,326,326,323,289,71,119,172,155,0,0
capi_AE_NE1,ingroup,HiSeq,Yes,1962654,641411,32.7,351,337,325,324,321,317,261,60,108,159,166,0,0
capi_AE_NE2,ingroup,HiSeq,Yes,2505714,959187,38.3,351,339,328,328,328,325,276,76,125,152,178,0,0
chaf_SN_Magn,ingroup,HiSeq,Yes,1970574,726206,36.9,352,338,324,324,321,315,265,65,114,168,158,0,0
chaf_SN_Payn,ingroup,HiSeq,No,1724994,743452,43.1,351,342,326,325,319,311,227,45,75,136,190,0,0
chaf_SN_Taka,ingroup,HiSeq,Yes,2673412,1047783,39.2,352,340,326,326,322,316,262,66,115,161,166,0,0
chee_SO_Kirt,ingroup,HiSeq,Yes,2017630,694399,34.4,350,334,325,325,324,323,292,71,123,180,146,0,0
chee_SO_McKa,ingroup,HiSeq,Yes,2770664,921319,33.3,349,334,329,328,327,324,296,77,135,181,148,0,0
chee_SO_Pisa1M,ingroup,MiSeq,Yes,754966,293022,38.8,350,315,305,304,301,297,250,54,82,190,115,0,0
chee_SO_Pisa2,ingroup,HiSeq,Yes,2530114,934692,36.9,352,337,330,329,326,323,283,61,112,164,167,0,0
cole_SC_Cast1,ingroup,HiSeq,No,498660,138327,27.7,349,302,293,292,282,267,160,29,40,161,132,0,0
cole_SC_Cast2,ingroup,HiSeq,Yes,2214134,646790,29.2,352,329,326,324,322,315,279,77,126,180,146,0,0
cole_SC_Cast3,ingroup,HiSeq,Yes,2397814,821010,34.2,349,335,326,326,326,324,299,81,142,196,131,0,0
cole_SC_Cast4,ingroup,HiSeq,Yes,3794330,1462621,38.5,351,340,326,326,325,321,280,75,131,165,164,0,0
cole_SC_RedH,ingroup,HiSeq,Yes,2897916,987227,34.1,351,338,333,333,331,329,305,85,145,177,156,0,0
cole_SM_Chal1,ingroup,HiSeq,Yes,1947334,618135,31.7,349,324,318,318,316,311,274,78,127,183,135,0,0
cole_SM_Chal2M,ingroup,MiSeq,No,646464,264617,40.9,349,313,305,304,303,300,226,57,86,178,127,0,0
cole_SM_Chal3,ingroup,HiSeq,Yes,2045478,675600,33,351,332,323,323,319,314,265,73,114,173,150,0,0
conc_SN_Bell,ingroup,HiSeq,Yes,2205014,745987,33.8,352,334,324,324,320,316,268,67,115,146,178,0,0
conc_SN_Cull,ingroup,HiSeq,Yes,3018522,1014743,33.6,351,338,327,327,326,318,285,65,125,159,169,0,0
conc_SN_Stai,ingroup,HiSeq,Yes,2327274,867133,37.3,352,336,322,322,321,317,264,68,120,160,163,0,0
disc_AT_Vall,outgroup,HiSeq,Yes,2982744,1214168,40.7,351,339,331,331,331,327,287,78,146,169,164,0,0
exar_AT_Junc1,ingroup,HiSeq,Yes,2761594,1023450,37.1,352,338,325,324,323,320,262,60,113,145,181,0,0
exar_AT_Junc2,ingroup,HiSeq,Yes,2213070,796200,36,351,333,322,322,322,319,272,66,111,164,158,0,0
exar_AT_Lena1,ingroup,HiSeq,Yes,2932776,1178983,40.2,351,339,329,329,329,325,264,66,114,149,184,0,0
exar_AT_Lena2,ingroup,HiSeq,Yes,3402128,1485604,43.7,352,345,327,324,322,317,254,50,112,131,201,0,0
exim_NS_Ruah,ingroup,HiSeq,Yes,1576872,541720,34.4,351,330,320,320,318,313,269,65,118,183,137,0,0
exim_NV_Maki1,ingroup,HiSeq,Yes,2561838,966902,37.7,351,338,322,322,320,319,258,68,118,152,171,0,0
exim_NV_Maki2,ingroup,HiSeq,Yes,2022016,697234,34.5,352,334,323,323,321,319,274,66,120,166,157,0,0
exim_NV_Repo1,ingroup,HiSeq,Yes,2802844,940649,33.6,351,331,326,326,325,321,295,76,141,178,148,0,0
exim_NV_Repo2,ingroup,HiSeq,Yes,2150118,748523,34.8,350,330,321,320,319,309,274,70,123,163,158,0,0
expl_SC_ArPa,ingroup,HiSeq,Yes,1608004,539455,33.5,349,328,325,325,324,319,283,75,128,187,138,0,0
expl_SC_Otir1M,ingroup,MiSeq,No,725572,310536,42.8,352,323,310,308,305,297,212,37,62,166,144,0,0
expl_SC_Otir2,ingroup,HiSeq,No,453012,132844,29.3,342,281,280,280,277,264,206,37,50,177,103,0,0
fior_SF_Came,ingroup,HiSeq,Yes,2175266,809282,37.2,352,334,330,330,327,325,282,70,129,180,150,0,0
fior_SF_Iren,ingroup,HiSeq,Yes,2179884,751685,34.5,352,337,323,323,321,317,270,64,112,173,152,0,0
fior_SF_Long,ingroup,HiSeq,Yes,1462580,449271,30.7,349,326,323,322,318,313,276,69,114,176,147,0,0
fors_NG_Whan,ingroup,HiSeq,Yes,3011504,995945,33.1,351,337,326,326,325,320,271,74,123,166,160,0,0
fors_NS_WairM,ingroup,MiSeq,No,571364,267005,46.7,352,323,313,312,307,297,212,39,55,168,145,0,0
fors_NV_Kawe,ingroup,HiSeq,Yes,1590400,569103,35.8,352,331,318,318,316,310,244,55,89,159,159,0,0
fors_SF_Luxm,ingroup,HiSeq,Yes,2503960,856555,34.2,350,336,329,329,328,326,270,66,117,175,154,0,0
fors_SF_OhoC,ingroup,HiSeq,Yes,2406374,863517,35.9,351,339,333,333,330,322,281,68,120,171,162,0,0
fors_SN_Arth,ingroup,HiSeq,Yes,2884064,1000673,34.7,350,338,330,330,329,325,292,81,131,183,147,0,0
fors_SN_FoxR,ingroup,HiSeq,Yes,2830080,1084497,38.3,352,341,330,330,328,326,278,64,123,161,171,0,0
fors_SN_Larr,ingroup,HiSeq,Yes,1406632,421776,30,352,329,322,321,320,311,252,53,88,172,150,0,0
fors_SO_Macr,ingroup,HiSeq,No,316310,115036,36.4,343,296,286,284,275,256,152,22,37,163,123,0,0
fors_SW_Chri,ingroup,HiSeq,Yes,2458880,818733,33.3,350,334,324,323,323,320,279,75,122,170,154,0,0
glab_SO_EndP,ingroup,HiSeq,Yes,2479590,832244,33.6,351,335,330,329,328,325,293,73,124,176,154,0,0
glab_SO_HectM,ingroup,MiSeq,No,356664,131249,36.8,344,281,278,278,277,269,190,41,55,183,95,0,0
glab_SO_Treb,ingroup,HiSeq,Yes,2041458,753705,36.9,351,335,330,330,327,325,290,74,125,168,162,0,0
glau_SO_Macr,ingroup,HiSeq,Yes,2453508,954516,38.9,351,339,326,326,325,319,261,72,119,154,174,0,0
glau_SO_Nevi1,ingroup,HiSeq,Yes,2197936,740236,33.7,349,336,330,329,329,327,295,81,137,200,130,0,0
glau_SO_Nevi2,ingroup,HiSeq,Yes,1608696,634904,39.5,352,335,322,321,319,312,260,71,118,166,156,0,0
glau_SO_Rmeg,ingroup,HiSeq,Yes,3317876,1098191,33.1,352,335,323,323,321,316,282,87,135,170,154,0,0
gogo_SO_Hect,ingroup,HiSeq,Yes,2117952,822726,38.8,350,339,324,324,321,318,260,58,106,156,170,0,0
gogo_SO_Hock1,ingroup,HiSeq,No,803040,276507,34.4,351,317,311,309,305,289,204,39,65,163,148,0,0
gogo_SO_Hock2,ingroup,HiSeq,Yes,2504212,911143,36.4,352,338,326,324,323,318,263,64,119,157,169,0,0
gogo_SO_Wye,ingroup,HiSeq,Yes,1749940,585805,33.5,348,326,319,319,318,314,277,68,122,172,147,0,0
goin_SM_Hanm1,ingroup,HiSeq,Yes,2020360,664735,32.9,349,333,325,325,324,323,295,75,131,166,159,0,0
goin_SM_Hanm2,ingroup,HiSeq,Yes,2452734,819211,33.4,351,334,328,328,327,323,295,77,129,173,155,0,0
hiku_SO_Wana1,ingroup,HiSeq,Yes,1816486,702463,38.7,349,335,328,328,326,320,271,72,125,180,148,0,0
hiku_SO_Wana2,ingroup,HiSeq,Yes,2663420,975634,36.6,351,337,330,330,330,327,299,88,151,183,147,0,0
hiku_SO_Wana3,ingroup,HiSeq,Yes,2158634,900314,41.7,351,339,327,327,324,315,266,66,120,151,178,0,0
hyb_SM_Chal1M,ingroup,MiSeq,No,541668,219056,40.4,351,306,299,298,297,287,219,45,66,180,119,0,0
hyb_SM_Chal2M,ingroup,MiSeq,Yes,754854,282386,37.4,350,313,308,307,307,303,242,57,89,186,122,0,0
hyb_SO_Kirt1,ingroup,HiSeq,Yes,2687844,891602,33.2,351,334,328,328,326,322,302,87,143,172,158,0,0
hyb_SO_Kirt2,ingroup,HiSeq,Yes,1023848,375223,36.6,349,315,310,309,307,299,239,50,83,169,141,0,0
hyb_SO_Kirt3,ingroup,HiSeq,Yes,2657328,944679,35.5,349,336,328,328,327,324,300,78,129,170,158,0,0
laet_SU_RedH1M,ingroup,MiSeq,No,464458,209379,45.1,352,317,301,298,291,273,169,29,47,145,156,0,0
laet_SU_RedH2,ingroup,HiSeq,Yes,1756340,574779,32.7,350,331,322,322,321,313,260,60,103,172,150,0,0
laet_SU_RedH3,ingroup,HiSeq,Yes,4559040,1888519,41.4,352,341,325,325,321,317,260,56,104,159,168,0,0
laxa_SC_CastM,outgroup,MiSeq,No,622168,292060,46.9,350,303,293,293,288,279,200,29,49,181,112,0,0
livi_SF_Gree,ingroup,HiSeq,Yes,2279290,764224,33.5,350,337,330,329,328,327,294,78,129,185,146,0,0
livi_SF_Kepl,ingroup,HiSeq,Yes,2843774,1029291,36.2,351,337,329,329,328,326,294,71,130,171,159,0,0
livi_SO_Harr,ingroup,HiSeq,Yes,2328728,748852,32.2,351,335,318,318,316,310,260,58,109,160,159,0,0
livi_SO_Treb,ingroup,HiSeq,Yes,2946086,960999,32.6,351,338,329,329,328,323,288,67,137,179,151,0,0
livi_SS_Cerb,ingroup,HiSeq,Yes,2009030,620674,30.9,348,328,326,326,325,321,290,76,132,195,131,0,0
livi_SS_Clar,ingroup,HiSeq,Yes,2598658,873175,33.6,351,335,331,331,329,327,302,82,139,196,135,0,0
livi_SS_Hami,ingroup,HiSeq,Yes,2828198,971194,34.3,352,336,327,327,323,320,290,78,131,175,152,0,0
livi_SS_Spen,ingroup,HiSeq,Yes,3480658,1261636,36.2,351,342,323,323,321,318,261,62,105,148,178,0,0
livi_SS_livi1M,ingroup,MiSeq,Yes,676750,238623,35.3,348,307,301,301,300,297,249,56,93,196,105,0,0
lyel_SS_livi2,ingroup,HiSeq,Yes,1799000,605705,33.7,350,333,322,322,319,315,263,57,107,173,150,0,0
lyel_SS_livi3,ingroup,HiSeq,Yes,1468876,508674,34.6,349,333,326,326,323,318,277,64,105,183,143,0,0
livi_SW_Humb,ingroup,HiSeq,Yes,2966790,976963,32.9,352,336,326,326,325,322,288,74,129,179,148,0,0
lyel_SM_Amur1,ingroup,HiSeq,Yes,2456256,866977,35.3,347,335,331,330,329,324,303,82,143,182,149,0,0
lyel_SM_Amur2,ingroup,HiSeq,Yes,3549718,1200867,33.8,352,337,328,328,326,326,284,80,143,167,163,0,0
lyel_SM_Gile,ingroup,HiSeq,Yes,2537928,822364,32.4,351,336,329,329,328,323,283,83,138,180,149,0,0
lyel_SM_Tapu,ingroup,HiSeq,Yes,2096260,809664,38.6,350,338,324,324,323,320,270,74,115,156,170,0,0
lyel_SS_Bald,ingroup,HiSeq,Yes,2149596,670069,31.2,348,328,326,326,325,323,304,83,138,196,130,0,0
lyel_SS_Cerb1,ingroup,HiSeq,Yes,2423206,921856,38,352,347,330,330,329,324,254,55,95,149,181,0,0
lyel_SS_Cerb2,ingroup,HiSeq,Yes,3149842,1090095,34.6,351,336,330,330,329,327,298,76,134,178,153,0,0
lyel_SS_Cerb3,ingroup,HiSeq,Yes,2383578,835914,35.1,347,337,330,330,329,326,304,85,140,183,148,0,0
lyel_SS_Eyre1,ingroup,HiSeq,Yes,2702172,1008853,37.3,352,334,329,328,325,318,259,61,109,158,171,0,0
lyel_SS_Eyre2,ingroup,HiSeq,Yes,3225598,1074436,33.3,350,336,330,330,328,325,299,89,152,177,155,0,0
lyel_SS_Fior,ingroup,HiSeq,Yes,2675082,818590,30.6,351,331,327,327,325,324,300,93,153,192,135,0,0
lyel_SS_Livi,ingroup,HiSeq,Yes,2533406,828251,32.7,351,331,327,327,325,321,304,81,136,185,143,0,0
lyly_SF_Geor,ingroup,HiSeq,Yes,2456436,838538,34.1,352,339,326,326,325,319,267,74,117,172,155,0,0
lyly_SF_StorM,ingroup,MiSeq,Yes,934144,380337,40.7,352,326,312,310,308,306,251,60,100,175,137,0,0
lyly_SF_TeAuM,ingroup,MiSeq,Yes,655902,217537,33.2,349,312,306,306,304,298,238,59,85,196,110,0,0
lyly_SF_Wapi,ingroup,HiSeq,Yes,1326340,504080,38,352,331,325,325,322,320,278,68,113,185,140,0,0
lyly_SN_Snow,ingroup,HiSeq,Yes,2650680,979645,37,351,341,326,326,323,317,269,66,117,157,171,0,0
lyly_SW_Doub,ingroup,HiSeq,Yes,2128890,730548,34.3,350,334,328,327,326,323,287,71,124,175,153,0,0
lyly_SW_Oliv,ingroup,HiSeq,Yes,2672290,877200,32.8,352,334,322,322,321,319,292,74,134,173,154,0,0
lyly_SW_Towe,ingroup,HiSeq,Yes,2862962,857976,30,350,336,322,322,320,317,281,74,123,171,152,0,0
macr_SC_Ahur,ingroup,HiSeq,Yes,1220370,442189,36.2,350,325,316,316,314,310,265,57,96,164,152,0,0
macr_SC_Godl,ingroup,HiSeq,Yes,2019524,732642,36.3,348,332,327,326,323,321,295,79,130,175,152,0,0
macr_SC_Hook,ingroup,HiSeq,Yes,2076854,919273,44.3,352,341,326,325,323,316,237,51,101,136,191,0,0
macr_SF_Wapi,ingroup,HiSeq,Yes,2630952,916617,34.8,351,336,329,329,327,324,288,76,126,188,141,0,0
macr_SM_Wald,ingroup,HiSeq,Yes,2293100,914283,39.9,352,340,327,326,325,321,248,61,104,146,182,0,0
macr_SN_Bens,ingroup,HiSeq,Yes,3631160,1014757,27.9,352,338,329,329,328,325,293,75,133,168,161,0,0
macr_SN_Hors,ingroup,HiSeq,Yes,1351096,497802,36.8,349,334,320,319,316,310,246,53,93,149,172,0,0
macr_SN_Larr,ingroup,HiSeq,Yes,1384766,444422,32.1,348,320,312,312,311,305,259,61,94,171,141,0,0
macr_SN_Patr,ingroup,HiSeq,Yes,1463278,442836,30.3,350,329,319,319,318,312,263,66,97,178,141,0,0
macr_SN_Peel,ingroup,HiSeq,Yes,1967882,740128,37.6,352,332,322,321,320,317,258,51,101,159,164,0,0
macr_SO_Moke,ingroup,HiSeq,Yes,1585862,609433,38.4,352,336,326,326,324,319,270,71,113,169,157,0,0
macr_SS_Cerb,ingroup,HiSeq,Yes,2093324,660913,31.6,349,328,320,320,317,313,290,77,123,182,139,0,0
macr_SW_Humb,ingroup,HiSeq,Yes,2015372,751211,37.3,351,336,327,326,325,319,270,66,111,167,160,0,0
matt_NA_Wara1,ingroup,HiSeq,Yes,2480454,669237,27,351,332,321,320,319,314,262,66,106,160,161,0,0
matt_NA_Wara2,ingroup,HiSeq,Yes,2398856,732321,30.5,352,334,321,321,319,310,265,65,113,166,155,0,0
matt_NN_Waim,ingroup,HiSeq,Yes,950984,308135,32.4,350,318,311,311,310,303,259,65,98,179,132,0,0
monr_SU_Dun1,ingroup,HiSeq,Yes,1541490,519139,33.7,351,329,325,325,325,321,270,70,114,184,141,0,0
monr_SU_Dun2M,ingroup,MiSeq,No,654818,250620,38.3,348,305,302,302,300,292,236,49,81,187,115,0,0
monr_SU_Rich,ingroup,HiSeq,Yes,1769084,605983,34.3,350,336,321,321,318,308,257,60,104,164,158,0,0
oreo_SO_ApitM,ingroup,MiSeq,Yes,733012,295063,40.3,351,317,308,308,307,302,239,54,80,175,133,0,0
oreo_SO_Clud,ingroup,HiSeq,No,1116172,408864,36.6,349,321,314,313,308,298,201,43,69,157,157,0,0
oreo_SO_Duns,ingroup,HiSeq,Yes,3185982,1154517,36.2,352,339,328,327,323,321,276,67,124,161,169,0,0
oreo_SO_NDun,ingroup,HiSeq,Yes,2774958,1015441,36.6,351,335,326,326,325,324,286,80,142,166,161,0,0
papa_NA_Anaw,ingroup,HiSeq,No,631460,195604,31,348,309,298,298,296,286,206,46,66,171,127,0,0
papa_NA_Beth,ingroup,HiSeq,Yes,2488072,760442,30.6,349,335,326,326,325,318,291,84,145,171,156,0,0
papa_NA_Kare,ingroup,HiSeq,Yes,1528728,452658,29.6,351,326,315,315,314,307,240,56,92,154,161,0,0
papa_NA_Merc,ingroup,HiSeq,Yes,1623960,497245,30.6,350,332,324,324,322,314,262,70,120,178,146,0,0
papa_NA_Para,ingroup,HiSeq,Yes,2590754,813455,31.4,352,336,324,324,321,317,273,66,111,156,168,0,0
papa_NA_Whak,ingroup,HiSeq,Yes,2904962,922668,31.8,352,339,323,323,321,315,265,61,112,147,177,0,0
papr_NA_MoeaM,ingroup,MiSeq,Yes,837528,274594,32.8,352,317,309,308,305,302,236,56,86,178,131,0,0
papr_NA_Waik,ingroup,HiSeq,Yes,3446486,694387,20.1,350,332,320,320,318,313,279,70,129,175,145,0,0
papr_NT_Pari,ingroup,HiSeq,Yes,2075418,678295,32.7,351,334,328,328,326,322,284,83,134,182,146,0,0
petS_SN_Asbe1,ingroup,HiSeq,No,2888930,1185612,41,352,348,328,328,325,318,234,53,94,125,204,0,0
petS_SN_Asbe2,ingroup,HiSeq,Yes,1560362,511669,32.8,351,325,316,316,315,312,255,64,104,174,142,0,0
petS_SN_Asbe3,ingroup,HiSeq,Yes,2493718,830477,33.3,352,338,328,328,324,320,269,66,119,171,157,0,0
peti_NS_Waka1,ingroup,HiSeq,Yes,1510638,563566,37.3,352,336,322,320,317,309,238,58,104,163,159,0,0
peti_NS_Waka2,ingroup,HiSeq,Yes,1805692,645359,35.7,351,337,328,327,323,317,259,65,108,162,166,0,0
pott_NG_MangM,ingroup,MiSeq,No,669210,207238,31,350,306,303,302,299,293,217,51,72,193,110,0,0
pott_NG_Ohut,ingroup,HiSeq,Yes,2027340,479176,23.6,349,325,315,313,311,309,257,67,115,168,147,0,0
pott_NG_Waik,ingroup,HiSeq,Yes,2649296,790841,29.9,350,330,323,323,322,320,293,84,132,200,123,0,0
pott_NG_Waio,ingroup,HiSeq,Yes,2796126,752826,26.9,351,334,325,324,323,319,264,72,125,160,165,0,0
pulv_SC_Awak,ingroup,HiSeq,Yes,2521748,887386,35.2,351,335,329,329,328,324,299,83,144,193,136,0,0
pulv_SC_Ida,ingroup,HiSeq,Yes,2680574,922739,34.4,352,331,327,327,325,323,300,80,139,180,148,0,0
pulv_SO_Duns,ingroup,HiSeq,Yes,1196642,299112,25,344,311,307,307,302,297,267,53,109,182,125,0,0
pulv_SO_Garv,ingroup,HiSeq,No,438718,111884,25.5,343,290,287,285,273,262,199,32,49,191,96,0,0
pulv_SO_McKa,ingroup,HiSeq,Yes,2600404,885373,34,352,336,327,327,325,322,294,79,124,167,161,0,0
pulv_SO_Rema,ingroup,HiSeq,Yes,2817382,922594,32.7,351,337,324,322,321,318,265,64,123,161,164,0,0
pulv_SO_Treb,ingroup,HiSeq,Yes,2368080,802424,33.9,351,336,329,329,328,325,286,79,132,173,157,0,0
raki_SR_Bluf,ingroup,HiSeq,Yes,2582586,859815,33.3,350,335,325,325,323,321,289,79,136,185,141,0,0
raki_SR_Doug,ingroup,HiSeq,Yes,1829270,638881,34.9,351,334,318,318,317,310,264,71,122,161,159,0,0
raki_SR_Gutt,ingroup,HiSeq,Yes,1487806,486649,32.7,345,326,322,322,320,316,289,76,123,192,130,0,0
raki_SR_Sola,ingroup,HiSeq,Yes,2345642,756553,32.3,351,336,326,326,324,320,283,83,129,191,135,0,0
raki_SS_Curi,ingroup,HiSeq,Yes,2069870,760952,36.8,351,337,330,330,329,324,285,78,143,181,149,0,0
raki_SS_Pura,ingroup,HiSeq,Yes,2087546,653930,31.3,352,333,323,323,321,315,289,83,132,184,139,0,0
retr_SF_Burn,ingroup,HiSeq,Yes,2182422,680084,31.2,352,333,328,328,325,323,299,80,133,188,141,0,0
retr_SF_TeAu,ingroup,HiSeq,Yes,2201930,766203,34.8,350,332,327,327,327,325,290,81,129,167,160,0,0
retr_SF_Wapi,ingroup,HiSeq,Yes,2165948,718921,33.2,350,332,327,327,323,316,279,72,120,176,151,0,0
retr_SO_Hect,ingroup,HiSeq,No,1144780,447569,39.1,351,332,316,315,309,298,219,44,75,147,169,0,0
retr_SS_Eyre,ingroup,HiSeq,Yes,2555068,843269,33,352,334,323,323,320,314,279,64,108,167,157,0,0
retr_SS_Humm,ingroup,HiSeq,Yes,1690722,562208,33.3,351,335,325,324,322,317,286,74,115,184,141,0,0
saxR_NS_Ahu2,ingroup,HiSeq,Yes,1994558,672228,33.7,352,334,325,325,323,319,289,74,134,165,160,0,0
saxR_NS_Bell2,ingroup,HiSeq,Yes,2421292,740248,30.6,350,331,326,326,324,322,289,66,137,182,144,0,0
saxR_NS_Tara,ingroup,HiSeq,Yes,2466454,752058,30.5,351,336,325,324,322,315,271,66,114,161,165,0,0
saxa_SM_Alti,ingroup,HiSeq,Yes,2524816,797806,31.6,351,331,324,323,321,316,287,82,130,190,134,0,0
saxa_SM_Chal,ingroup,HiSeq,Yes,2546442,813500,31.9,352,337,325,325,323,318,273,69,115,166,159,0,0
saxa_SM_MeadM,ingroup,MiSeq,Yes,823230,330303,40.1,351,324,317,317,314,308,246,49,83,191,126,0,0
saxa_SM_Robi,ingroup,HiSeq,Yes,2676312,991734,37.1,352,337,329,329,327,324,294,86,142,176,153,0,0
saxa_SM_Swal,ingroup,HiSeq,Yes,1836192,560246,30.5,350,329,322,322,320,318,283,76,120,177,145,0,0
saxa_SM_Weld,ingroup,HiSeq,Yes,3124774,1149276,36.8,352,342,327,327,325,323,288,81,124,169,159,0,0
saxa_SO_Macr,ingroup,HiSeq,Yes,3625472,1184266,32.7,351,340,330,330,330,326,298,82,135,166,165,0,0
saxa_SO_Pool,ingroup,HiSeq,Yes,2044098,616564,30.2,351,330,322,322,320,317,286,65,116,191,131,0,0
saxa_SO_Rock,ingroup,HiSeq,Yes,920580,267166,29,348,308,301,300,299,293,244,60,93,160,141,0,0
saxa_SW_Rain,ingroup,HiSeq,Yes,1767164,300785,17,345,307,302,301,297,294,255,61,101,183,119,0,0
saxo_NS_Ahu1,ingroup,HiSeq,Yes,2117194,700342,33.1,352,336,327,327,325,322,290,67,125,174,154,0,0
saxo_NS_Ahu3,ingroup,HiSeq,Yes,2738850,915511,33.4,352,337,324,324,323,319,274,65,122,161,166,0,0
saxo_NS_Bell1,ingroup,HiSeq,Yes,1436200,380295,26.5,351,324,311,310,306,302,231,51,91,152,159,0,0
saxo_NS_Titi1,ingroup,HiSeq,Yes,3327796,960213,28.9,352,335,327,327,325,324,301,85,146,195,133,0,0
saxo_NS_Titi2,ingroup,HiSeq,Yes,2730008,764718,28,352,338,331,330,329,326,287,62,123,167,164,0,0
spat_NN_Mana,ingroup,HiSeq,No,1534156,599594,39.1,351,337,320,320,317,304,206,36,66,140,180,0,0
spat_NS_Huka,ingroup,HiSeq,Yes,2204750,781350,35.4,351,336,326,326,324,320,272,73,125,169,157,0,0
spat_NS_Mara,ingroup,HiSeq,No,1936510,687299,35.5,352,340,320,320,313,288,168,35,62,123,198,0,0
spat_NS_Waip,ingroup,HiSeq,Yes,2129138,643830,30.2,352,334,321,321,320,316,268,64,108,172,149,0,0
spat_NV_Ruah,ingroup,HiSeq,Yes,2880460,1046887,36.3,352,341,325,325,321,309,238,50,97,134,192,0,0
spat_SC_BPOr,ingroup,HiSeq,Yes,1392586,438598,31.5,350,326,316,315,315,307,248,66,105,170,146,0,0
spat_SC_Preb,ingroup,HiSeq,Yes,1634060,584298,35.8,350,334,320,320,317,310,255,65,99,158,162,0,0
suav_SC_Eric,ingroup,HiSeq,Yes,3264414,1033428,31.7,352,331,325,325,323,318,287,75,131,165,162,0,0
suav_SC_Godl,ingroup,HiSeq,Yes,1837150,624068,34,351,333,326,326,323,317,266,67,110,168,158,0,0
suav_SW_Towe,ingroup,HiSeq,Yes,2192058,773248,35.3,349,331,323,323,320,316,274,62,107,175,149,0,0
sylv_NS_Well,outgroup,HiSeq,No,3120630,978172,31.3,351,332,325,325,322,321,290,73,118,183,142,0,0
taki_SS_Clar,ingroup,HiSeq,Yes,1911136,642062,33.6,350,330,326,324,322,320,284,74,128,174,152,0,0
taki_SS_Reve,ingroup,HiSeq,Yes,2057738,702938,34.2,351,332,320,319,319,316,271,70,123,168,153,0,0
taki_SS_Towe1,ingroup,HiSeq,Yes,1651196,502208,30.4,350,329,322,322,321,318,284,72,131,189,133,0,0
taki_SS_Towe2,ingroup,HiSeq,Yes,2829212,957748,33.9,351,337,327,326,325,324,296,77,136,177,150,0,0
taki_SS_Towe3,ingroup,HiSeq,Yes,2039596,653492,32,348,329,321,320,319,314,283,79,128,175,146,0,0
tene_NV_Repo,ingroup,HiSeq,Yes,2579336,961182,37.3,351,338,324,323,322,317,270,71,119,156,169,0,0
tene_SR_Rake1,ingroup,HiSeq,Yes,3198180,1240714,38.8,352,342,325,324,321,318,282,76,121,153,175,0,0
tene_SR_Rake2,ingroup,HiSeq,Yes,2729346,952443,34.9,352,333,323,323,321,317,287,77,121,168,156,0,0
tene_SR_Rake3,ingroup,HiSeq,Yes,2680554,891407,33.3,352,336,325,325,323,316,277,68,119,166,159,0,0
tene_SS_Livi,ingroup,HiSeq,Yes,3518168,1074207,30.5,352,334,328,328,325,323,291,79,139,163,166,0,0
tene_SU_Rich,ingroup,HiSeq,Yes,1651228,482666,29.2,352,325,316,316,314,312,263,63,102,162,154,0,0
trca_SC_Ahur,ingroup,HiSeq,Yes,2627406,970964,37,352,335,324,323,321,319,273,72,128,171,155,0,0
trca_SC_Awak,ingroup,HiSeq,Yes,2535406,949631,37.5,352,332,323,322,321,317,272,68,132,170,155,0,0
trca_SC_Ball,ingroup,HiSeq,Yes,3340674,1152788,34.5,351,339,329,329,329,322,285,72,121,158,172,0,0
trca_SC_Ohau,ingroup,HiSeq,Yes,2196206,838444,38.2,352,334,323,323,321,316,266,63,121,158,167,0,0
trtr_SM_Amur,ingroup,HiSeq,Yes,2079262,692677,33.3,348,333,326,326,326,326,292,84,137,174,152,0,0
trtr_SM_Sout,ingroup,HiSeq,No,648066,167828,25.9,347,315,293,293,274,232,96,17,27,140,153,0,0
trtr_SM_StJa,ingroup,HiSeq,Yes,2832486,999859,35.3,352,339,331,331,328,328,290,83,145,182,150,0,0
trtr_SW_Need1,ingroup,HiSeq,Yes,2186656,674177,30.8,352,331,325,324,318,311,276,66,115,184,142,0,0
trtr_SW_Need2,ingroup,HiSeq,Yes,1496848,456274,30.5,349,326,313,313,311,306,256,63,93,163,150,0,0
trtr_SW_Rain,ingroup,HiSeq,Yes,1838906,460325,25,352,329,318,318,316,311,236,61,100,169,149,0,0
ultr_SS_Bald,ingroup,HiSeq,Yes,3876828,1329114,34.3,351,337,329,329,328,325,307,89,147,178,153,0,0
ultr_SS_Blac,ingroup,HiSeq,Yes,2353498,725594,30.8,349,328,322,321,319,316,296,81,126,189,134,0,0
ultr_SS_Livi,ingroup,HiSeq,Yes,2431934,826684,34,349,332,329,328,327,323,303,79,138,179,150,0,0
ultr_SS_WDom1,ingroup,HiSeq,Yes,2426722,855401,35.2,352,339,329,328,326,322,286,72,123,183,146,0,0
ultr_SS_WDom2,ingroup,HiSeq,Yes,2149204,645832,30,349,329,324,324,322,318,284,74,117,178,146,0,0
ultr_SS_WDom3,ingroup,HiSeq,Yes,2400612,884583,36.8,352,339,330,330,327,324,271,66,122,172,158,0,0
ultr_SS_WDom4,ingroup,HiSeq,Yes,2252358,773824,34.4,352,334,324,324,320,316,279,69,130,173,151,0,0
umbr_SO_Rock1,ingroup,HiSeq,No,1499224,601581,40.1,353,341,323,320,315,299,195,39,69,125,199,0,0
umbr_SO_Rock2,ingroup,HiSeq,Yes,2911750,1023803,35.2,351,337,325,325,323,319,284,80,132,164,162,0,0
umbr_SO_Taie,ingroup,HiSeq,Yes,2662084,1025244,38.5,352,338,326,326,325,321,284,82,134,174,155,0,0
unif_SC_TasmM,ingroup,MiSeq,Yes,1438208,569964,39.6,351,330,319,319,318,318,272,69,121,168,151,0,0
unif_SC_Waim,ingroup,HiSeq,Yes,2552426,871234,34.1,350,337,331,331,329,326,302,84,134,188,143,0,0
veno_SN_Char,ingroup,HiSeq,Yes,3505754,1193137,34,352,339,324,324,323,321,280,72,132,164,163,0,0
veno_SN_PeatM,ingroup,MiSeq,No,697724,251487,36,351,309,303,303,302,297,233,48,72,161,142,0,0
veno_SN_Tiro,ingroup,HiSeq,Yes,2559720,872310,34.1,350,337,327,327,326,321,279,73,129,169,158,0,0
vent_SC_Awak,ingroup,HiSeq,Yes,2987616,1030614,34.5,352,334,327,325,325,320,288,66,133,176,151,0,0
vent_SO_Duns1,ingroup,HiSeq,Yes,2512208,854905,34,350,333,330,329,329,326,285,66,126,178,152,0,0
vent_SO_Duns2,ingroup,HiSeq,Yes,2231224,703104,31.5,350,332,327,327,326,320,290,74,126,181,146,0,0
vent_SO_Laud,ingroup,HiSeq,Yes,2287054,830191,36.3,351,336,329,329,329,325,286,69,122,166,163,0,0
vent_SO_NDun,ingroup,HiSeq,Yes,2636464,889811,33.8,350,334,329,329,328,326,296,76,140,179,151,0,0
